Tower,Unit
B1,B1-01-01
B1,B1-02-01
B1,B1-03-01
B1,B1-04-01
B1,B1-05-01
B1,B1-06-01
B1,B1-02-02
B1,B1-03-02
B1,B1-04-02
B1,B1-05-02
B1,B1-06-02
B1,B1-05-09
B1,B1-07-01
B1,B1-09-01
B2,B2-01-10
B2,B2-02-06
B2,B2-02-11
B2,B2-03-03
B2,B2-03-11
B2,B2-04-06
B2,B2-04-11
B2,B2-05-08
B2,B2-05-11
B2,B2-06-09
B2,B2-07-04
B2,B2-07-10
B2,B2-07-11
B2,B2-08-09
B2,B2-09-06
B2,B2-09-08
B2,B2-10-02
B2,B2-10-05
B2,B2-11-07
B2,B2-11-08
B2,B2-12-04
B2,B2-12-05
B3,B3-02-07
B3,B3-13-10
B4,B4-02-04
B4,B4-02-05
B4,B4-02-07
B4,B4-02-09
B4,B4-02-10
B4,B4-03-08
B4,B4-14-10
B5,B5-01-02
B5,B5-01-04
B5,B5-01-07
B5,B5-01-09
B5,B5-02-01
B5,B5-02-03
B5,B5-02-07
B5,B5-02-08
B5,B5-02-09
B5,B5-02-10
B5,B5-03-01
B5,B5-03-03
B5,B5-03-08
B5,B5-03-09
B5,B5-03-10
B5,B5-04-01
B5,B5-04-03
B5,B5-04-08
B5,B5-04-09
B5,B5-04-10
B5,B5-05-01
B5,B5-05-03
B5,B5-05-10
B5,B5-06-01
B5,B5-06-03
B5,B5-07-01
B5,B5-07-03
B5,B5-08-01
B5,B5-08-03
B5,B5-09-02
B5,B5-09-06
B5,B5-11-02
B5,B5-11-06
B6,B6-01-01
B6,B6-01-02
B6,B6-01-08
B6,B6-02-01
B6,B6-02-03
B6,B6-02-09
B6,B6-03-01
B6,B6-03-03
B6,B6-04-01
B6,B6-04-03
B6,B6-05-01
B6,B6-05-03
B6,B6-06-01
B6,B6-06-03
B6,B6-07-02
B6,B6-08-01
B6,B6-09-02
B6,B6-10-01